<?xml version="1.0" encoding="UTF-8"?>
<ProductList>
  <Product available="true">
    <name>shirt</name>
    <color>red</color>
    <price>25</price>
  </Product>
  <Product available="true">
    <name>trousers</name>
    <color>blue</color>
    <price>30</price>
  </Product>
  <Product available="false">
    <name>shoes</name>
    <color>black</color>
    <price>35</price>
  </Product>
  <Product available="false">
    <name>tie</name>
    <color>red</color>
    <price>20</price>
  </Product>
  <Product available="false">
    <name>shirt</name>
    <color>green</color>
    <price>40</price>
  </Product>
  <Product available="false">
    <name>tie</name>
    <color>red</color>
    <price>20</price>
  </Product>
  <Product available="true">
    <name>tie</name>
    <color>green</color>
    <price>20</price>
  </Product>
  <Product available="false">
    <name>shirt</name>
    <color>black</color>
    <price>40</price>
  </Product>
  <Product available="true">
    <name>shirt</name>
    <color>green</color>
    <price>50</price>
  </Product>
</ProductList>
